Tr1,Tr2,Label
0.510308480809629,1.59214761722643,1
2.2861617521702,-0.268486859080911,2
0.577448357778486,1.33637517454603,0
1.38904661014392,1.18178059151642,2
-1.58360362147324,0.789878527095726,0
1.44697036685555,1.45333501634171,3
-0.944026040875832,0.878364044105249,0
2.3085880019867,2.30870712242382,3
0.22680015985175,0.219317386289726,0
0.506252581179694,1.89401943516338,2
-0.0334556769665899,1.08406212820605,1
0.308096759860581,1.39754815517225,2
-0.684447667981203,-0.645762628668636,0
1.03728754482,0.997094761970102,2
0.517489020746885,1.03718326221354,0
0.157394473929283,0.639883741233476,0
1.11081942734626,1.6523258919837,3
0.506211670177838,-0.317516146807093,1
0.772098299462015,1.47029604840436,2
0.286250656921089,0.439742603126488,0
0.403353199375208,0.609352376776225,0
0.608465452883317,1.03140204335346,0
0.831584214455381,1.508758253873,2
1.79027570077528,1.74087400632494,2
0.380955064584073,0.872986961372369,2
-0.201192351182825,0.281938547271903,0
-0.0203670940071752,0.787632038562307,1
-1.05012746469452,0.663848533083799,0
-0.252801542761336,0.0360538473530101,3
1.17348109008647,2.38106593424481,3
0.627328617348041,0.758558390122033,1
0.566757293329127,0.91619853449847,3
0.415817526074598,1.24690761928539,1
1.90309196008921,0.364265562619294,2
0.770609985279421,0.159109823741707,2
1.35222375366383,1.53271718673072,1
0.485351926903233,0.383492977994172,0
-1.44070048064394,-0.127792745651892,0
-0.538308137448739,-0.123796716181303,0
-1.40920661854121,1.24325558382721,0
0.971725190758584,1.42258554228936,2
0.610383485692099,0.745590153849606,2
1.74305517790302,1.9339763510881,2
0.283367371456771,1.00406281789711,1
0.572725257141211,1.0780442590476,2
0.975581965541154,1.92574911696182,3
-0.910340991569855,1.09163061810248,0
0.821886851893415,0.819391091673739,1
0.392769993300639,1.00321769894332,1
1.35916876751793,1.14188961086089,2
0.252495634567617,-0.24503412831066,0
0.0479765563092992,1.72602425854431,0
2.28456483283932,1.32502567089911,3
-0.0486213696454882,0.371685505542097,0
0.159694050779416,1.65958582910725,0
-0.295480062154751,0.699194441960771,0
0.987851528088732,1.48822619351488,1
0.706383098594215,1.25653970179957,0
-1.07180664767776,0.689104148325183,0
0.564544183125728,0.534005144182121,2
1.12496840377766,0.637875407935803,2
0.852108003811543,2.03576482227676,2
1.32234115756748,1.16476412779939,3
-0.274429603549894,0.799026535577716,0
0.0647529127621482,0.797921858034956,0
-1.43536492915873,0.555034283222794,0
-0.624802698567135,0.0751301343001974,0
-0.411676337920385,0.775015099145779,0
0.52249912667775,1.15655234592054,0
1.51566432264563,-0.141580334933691,0
1.45569475934625,0.699834578123401,2
-0.0569028440426103,0.552816814746802,0
-1.05854903300468,1.30926681880433,0
0.857885948293262,-0.587417665170643,0
2.10231515512598,1.53284204700804,2
0.60492352978635,0.672946762344836,0
0.485941252137513,0.779297995473249,0
1.39631145772481,1.29098683856158,2
-0.555770909768511,0.116994383263217,0
-0.346733546746205,0.735769593659654,0
1.90885571788543,0.420401787086211,3
-0.654470483749894,2.13462232988785,0
1.07593363449672,1.03343112720388,3
0.802209845297512,1.72209265819744,1
0.693153390641199,1.44855280618409,3
-0.0769602583195897,0.666085877942229,0
0.173612941003363,0.019298855889281,1
1.05571568187171,0.750362806114203,0
0.54311347790886,1.83402573688917,0
0.925430416048169,-0.597030581021256,0
-0.16993930143926,0.323004245760458,1
-0.143297400935457,-0.90308831411938,1
0.411073571119775,1.3286991799183,0
0.940322948672846,1.47687123700245,2
-0.0128319552388831,0.680818015999841,1
0.544356099243356,1.55154533375483,2
2.09753615221136,-0.761269104510249,3
0.134532998826729,1.15915366615802,0
0.460328067091445,1.15190944734517,0
1.01907984357276,0.833352731352648,2
-1.71709442695256,0.298996852845101,0
-1.95258641542639,0.907312864009801,0
1.04751627989474,1.47591735195944,3
-0.585468627532784,-0.0336696880659533,1
1.06852895014266,0.612026555042564,1
-0.150708829519921,0.510071191209702,0
0.493411531890891,0.863144966714558,3
-0.378292651542219,1.91702367088672,0
0.7332832763752,1.04843379467938,1
1.05978862635306,1.6522000759573,2
0.372490122116097,1.36472225692092,0
-0.424663889751051,-0.345064853733444,3
0.313731956204574,0.913702333028938,0
1.84209863486894,0.656256875633964,1
3.17547395879654,0.934280658596286,2
1.60399382382857,2.04207166923359,2
-0.692119618644968,-0.409783295388243,0
1.60193271435223,1.6286523376552,3
-0.00831406945104196,1.24258276046191,2
0.293566759264932,0.381853118692542,0
0.23862709879838,0.90176664887243,1
-0.989125649171305,0.587677247417457,0
-0.393483460209704,0.098800091121283,0
0.229404664604217,1.50972513847266,0
1.23184689518576,1.8059246497085,3
1.4064700689196,1.41823168785957,0
0.18838479461442,0.766857111363314,2
0.501974247803067,0.551226497513871,1
-0.622865017270455,0.641954458123779,0
1.52219211841635,0.962230639423629,3
-0.325197024385985,0.713296357505201,0
1.79087681467979,0.870557489711708,1
1.04636076455267,0.922447311584757,2
0.91185381956338,0.0410629050385819,2
0.815127614378059,0.178639080123985,1
1.27889172469916,0.274398959672221,1
0.458035832020977,1.23333709698476,0
0.591509578458709,0.795028822991493,0
-0.11462798417756,0.475934163213673,0
0.704914734823932,0.595997857336385,1
0.760101580674843,0.547649348392918,0
0.924475030343722,1.41298297290588,2
0.17622792023263,-0.332533629525147,0
0.0445462604243374,0.965494033511783,2
-0.147512936777113,0.759862557494708,0
0.691155520781457,0.675102083988244,2
-0.476353213701469,0.715405741051316,0
0.228814437717452,-0.0438411972632805,1
0.174215799068121,2.42003352416828,2
-0.992725000672922,-0.211163020759158,0
0.201234978887122,0.644157145237741,0
0.633142962243675,1.40426422153933,2
-1.37342480136029,0.0894203823049728,0
0.973316908674977,-0.412057853949023,0
0.950877280017391,1.77487146090314,2
0.0325564385710179,-0.100211423235162,1
0.0329877856404786,-0.0709374032542686,0
1.55676204669713,1.22140164423465,1
-0.850454551951238,0.0117565735144761,0
0.985985599126955,0.301345106732222,2
-0.439959026006387,0.364968006173455,3
0.385019866293489,2.17638340341435,0
1.12053384850747,2.16883285214653,2
0.154668902209965,0.0331532755952798,2
0.179631556374814,0.67971067424491,1
1.50754761584299,1.03489410152494,0
1.09475137632073,0.561897751784984,3
1.31272885053875,1.16529392528931,0
0.650355198340208,0.0300830747820742,0
0.779734981862053,1.39353974724009,0
0.00227123608520818,0.336375558445185,1
0.864187156066452,1.40256133823721,0
1.52646222975635,0.593348009782942,0
0.969327638557461,0.383453318872175,2
-0.676817185879544,0.211315730719681,0
-0.253949349318713,0.732240655859445,0
0.28900144469617,1.00195709606845,0
-0.268130599404225,-0.16994247675677,0
-0.629623182619824,1.16323871805879,2
0.311908209215857,-0.540216544972923,1
1.53997579373916,1.13812539429424,2
0.95004791678703,1.68715063054588,0
0.794079742871308,0.826524950438396,0
0.694387922773004,1.7425902339321,0
-0.482109826857213,1.41922822121552,2
1.11611353332309,0.773979648464676,2
-0.140627246792742,0.317391231509953,1
0.384490953844169,1.8000182259122,2
7.0536308064922,3.71512332212202,2
-0.606791873390574,1.50874795658988,0
1.68877458752638,0.403918009453611,1
0.737103847048644,0.578783578981903,0
0.767741396001107,1.47730137932925,0
-0.275190780126042,1.02799947472702,0
0.813406759278171,0.602117962378369,2
0.205562649323512,0.398649451328985,0
-0.00860757179891769,0.700377642831447,2
0.108219494460857,1.26271452325612,0
-1.01379116486612,-0.805133487062237,3
1.43036250671603,1.3996956853364,3
1.40626909579222,-0.163383611193637,2
0.721558875131795,0.730474090831098,0
-0.240032811173893,0.216261337635997,0
0.814322905193488,0.120068435698879,0
-0.590428152791881,0.126146343752813,1
0.772689943033939,1.28367320767317,0
2.03773286913943,1.3386549013658,2
0.231052561540522,1.89248507195022,0
0.26554330985683,1.02614485017234,0
0.485348847350596,-0.145591337431616,0
1.84321674871231,1.10219064407972,1
0.515024556058159,0.304663824342524,0
-0.160125508582112,1.36800192170929,0
1.17487968379534,1.66157917201267,2
-0.00814414007394026,1.11708703207861,2
0.375614293634385,1.17511154030415,1
1.14847671785431,0.7242851012548,3
1.24371832612219,0.625362572744033,0
0.393337446332871,0.143307488718522,2
0.176610930363039,0.483359171515392,0
1.10012959566738,1.40441908492539,0
0.0497041693714622,1.50566473804109,0
0.724444926306513,0.845677076086031,0
3.3100061018566,-2.00909237700578,2
-0.964200394587177,1.05049635948362,0
-0.0536355474015249,0.298671143051783,0
0.26887299144238,0.801824429750627,0
-1.20215619093872,0.51992860045353,0
1.9749337840495,0.845135714645773,3
0.937972627006747,0.768394214046216,0
0.684953363044392,0.954093204116201,2
0.41843083902437,1.66961722194666,0
0.965682497302711,1.38849613364287,3
0.292007784263092,1.50942427688191,0
0.616521002835792,0.315288652351133,0
0.665940156109547,1.03049149378576,0
0.0436916151361074,1.46984107363201,0
-1.99149984696067,0.565518307061088,2
0.0518664143727172,0.967332910972647,0
1.09046057715209,-0.30626405411492,1
0.254070372670734,0.441795592356989,0
-0.305607818183086,0.0857957615941266,0
0.954152694306558,0.67658583809498,0
1.94091365750266,1.76021304393069,3
0.055074993711713,0.939580732419895,0
0.340996671611107,0.866622531642602,0
0.857815044283988,1.06498972453983,2
1.25966803888471,1.12497913122461,0
1.04909766539204,0.859214146675364,2
-0.0958684790156088,1.15776275517191,0
0.851102117797012,0.924085223928428,3
0.40470164791925,-0.999958000951034,0
-0.762938923299228,0.900140667853666,1
1.09319431740044,1.24634304689287,3
-0.965990418254699,0.990934191820333,1
0.561319182217041,0.820741301653614,0
1.27200210539709,1.71119895187942,0
2.45770893790346,1.83265211044981,3
0.66438933574475,1.16241607336251,0
1.06952278411058,1.83446487041342,2
0.469781293996214,1.99410878752862,2
-0.390359491990126,0.251487940429282,0
1.51858657221267,1.31146342691173,2
0.775389972751318,1.06455005647404,3
0.488146737981974,1.14056343967753,2
1.01875161108077,3.02215360787868,3
-0.245108865187698,1.85802737106179,0
0.555577910939235,1.41667599868525,2
0.280022510883544,0.73039835724259,0
-0.3107952763102,0.51156677204741,0
0.768483249910228,0.703854250718125,2
-0.0175049727952356,0.305581948069135,0
-0.553495522987478,1.16489380211304,2
2.4140649641541,2.21088167766867,3
0.773439412430841,0.347728486696296,0
0.451143580746699,1.23754885586292,2
0.945896691355489,0.895832387814846,2
0.27247650198944,1.27685037543991,1
0.658675523349642,1.90312759352017,2
2.84922482819073,1.54079727967298,2
0.367504099259497,2.32583987722141,0
0.212585124336744,0.775253787282187,0
0.389677034624924,0.35836353549415,0
1.37839536670462,1.30654070049322,2
-0.0164399385118438,0.76720097288816,0
0.125182825098407,0.048809008595132,0
1.27804754905192,2.099001089024,2
-0.660275628782585,0.746027975116587,0
0.957038165629821,0.925995911621952,3
1.71678215845107,1.63510179978875,2
-0.506711883479215,0.515911498834884,0
1.03057023848711,1.16233029735855,2
-0.0254195624417426,0.99866233314348,0
-1.84450009071525,-0.6664336159934,0
0.00611624469912453,0.524167662897764,0
1.21184228549026,1.35365716468829,3
-0.254989244381231,0.668899782823385,0
1.06064979602168,1.63701671956311,0
-1.08786279749086,0.272828992409983,0
0.862304857944839,1.42965146328907,2
1.1770721738075,1.89639218666601,3
-0.0548111489947529,0.123879423781064,0
1.93996697583711,1.21051264339616,0
0.662441775616545,1.15661326198352,1
0.00550588947580299,-0.198379173196254,2
0.334678311528309,0.39436562733967,0
3.30665224628889,1.09253213790746,3
-1.10508861505401,1.5535075712238,0
0.168389594647207,0.488675868296959,2
1.22898722377193,1.03450562224963,3
-0.0226799322867588,-0.022953284904806,1
0.77371234393329,0.298872142217706,0
1.79646145467104,1.05316377360527,0
1.69676908701329,2.0635215649493,1
1.43429642492165,1.64309674852787,3
0.84937214582574,0.125698956739501,3
0.216057470349809,0.945911359754266,0
1.00515061110939,1.30233743712412,2
0.538759161395714,1.06561223373531,0
-0.344161498758063,0.204056676280279,0
-0.973640840875626,0.946843761732443,1
-0.337845379988376,0.426380821080863,1
1.70760851740283,1.11781377100193,3
0.764042601820988,1.56294165194919,2
0.823890146200269,0.903648028174005,3
2.73029773319324,1.48495197466404,3
0.169964842666623,-0.0782776739235727,0
1.63103039245925,0.836629811951373,3
-0.170405267433799,0.989596297916608,1
3.12374395422826,2.81563616195334,2
0.462057291111858,0.796647400802628,0
0.947866451574831,1.71150228188401,0
-0.0514412766552086,1.13639700958513,1
0.29608848749513,0.464667715101046,1
-1.17836178383908,-0.508201389035885,0
1.68194286965601,0.312714878314882,2
0.10579833509122,0.918079662218936,0
1.15236764705768,1.3590648990541,2
0.346988734880837,0.261223803596213,1
0.771640514236181,1.92554860332531,2
0.682522045926999,1.12459422585888,2
0.0705782822888777,0.745615830504282,0
0.595749985116998,1.98426700028847,0
0.80484664084158,-0.200908220058945,0
0.726841270283064,1.68506219856392,2
0.766947406693292,0.656575359196037,1
1.03290576290957,0.75870055581083,2
1.00354323865718,0.23635018909972,0
0.444804052079206,1.97500492074278,0
0.919124827385712,0.429249948191516,0
-1.18233250214295,0.745722400158773,0
-0.108610770922552,0.996522955525164,0
1.61518093813787,1.5080435857888,3
0.587288145315814,0.319672410706195,2
0.87427341956264,0.647436436901104,0
0.467532330589775,0.708487895706277,0
-0.325693399591545,0.379526811359383,0
3.21388960883454,1.74013394929865,2
-0.133691552648945,0.667764827391875,0
-0.726788335961636,0.255415267404662,0
0.407965379140314,0.807617436925766,2
0.134104483987447,0.260107125063533,2
1.41948559752559,-0.0951739411260847,1
1.13023828348229,0.832784299903405,2
0.513799262106717,0.621473478463362,3
0.613751123702128,0.338136338867011,2
0.33011579269329,-0.142740202025475,0
-0.0288595628487989,0.738968251753279,0
0.999569750800401,0.733690048811378,2
1.04411612652584,0.745130502996654,1
0.282489371640114,1.43527213351716,0
0.405992053010584,0.420659616831504,0
0.458235676629508,0.970311288316603,0
1.33468711275983,0.470135637356451,2
-0.0474233681419141,1.37792425016329,0
-1.86470211339636,-1.67147612799491,0
1.02060519520986,1.01240561720187,2
0.477790208913897,0.558187885931718,3
1.05908369052878,-0.0137970245929797,0
1.35498310534284,1.35544065717293,0
1.13481208753021,1.28104194788137,2
1.69324391084263,1.89050759536287,3
0.813170035772333,1.00717562571523,0
1.45082977101831,1.02435929055915,3
1.71703672903309,0.653240252208877,3
0.941909975845375,1.52253698148346,3
-0.741755838775711,0.662689009188631,1
0.157845666149702,1.73798174986617,0
1.63981952457273,1.09987341077128,2
1.62072939393587,1.89387288029895,3
0.349914987388469,1.27640041146487,1
0.697734997770744,1.32425294717319,0
0.16999025913503,1.55507273298945,1
-1.23248306752997,0.333257114662193,0
0.123633101586314,0.60204424375493,0
0.823398502007108,0.721472629827445,0
1.94437031622458,2.72166085608707,2
-1.39903314470217,-0.041585308844046,0
0.221579410812251,1.62688993121682,0
0.738292643813123,0.414852100035604,2
0.777969779701094,0.846246420978292,2
-0.688458825724243,1.23424260980712,0
0.340331456507119,0.983486751250198,0
0.309325609925097,0.151980910990318,1
-0.451354285374377,0.180831868667718,2
0.693358225161579,1.66181578524219,3
0.34642690712324,0.909430945581414,2
-0.234166571757699,0.561307570414683,1
4.24815171026739,-1.23420291364547,3
0.907301585019165,1.70822393353528,3
-0.170457830403887,1.07192833634986,0
0.725857219197419,0.837570074679188,1
1.11913548075097,0.163415950908917,2
0.561432289402101,0.772573985817125,2
0.792150951284893,1.20357553717813,0
0.625783381296509,1.38165289092035,1
1.02315203028603,2.33374378089504,2
1.21798386307435,1.98459242942005,3
-0.0769766398065124,0.767644639201516,3
-0.887507726347051,0.366243917092491,1
-0.681637070985568,1.08936627976555,0
-0.262907408630253,0.46757157528361,2
2.31450886658265,1.20080160692904,3
-0.0993199067599193,1.13482231050564,2
1.83943040616713,0.84581729375404,3
-0.489746391941724,0.0220327526464559,0
-0.334953350372032,0.838607289605827,1
0.393509744034646,0.166145463694833,1
0.508538658122217,0.113221849449731,2
0.518819673836409,1.01979439068766,1
3.14907017060669,0.738822276025798,0
0.296536996975767,0.841520989815304,2
0.564585720771083,1.34157053439529,2
0.777263023935344,1.42610691562578,3
-0.0636257104389177,1.118208201763,3
0.351849012508609,0.0540935947767094,2
-0.0244992387950675,1.04951357644672,1
1.04160328745365,0.274892037105179,2
1.2626699980163,0.955818014388451,2
-0.76702645136697,0.185242999323571,1
1.59094309636964,0.913249967325692,1
0.319152147533825,0.491297683525897,0
-0.0855089117610766,0.611607409110071,0
0.380657920821277,1.81260455963885,2
0.972011091633137,0.224269786359199,1
-0.105920685262128,0.627808501582985,0
0.621399283545806,0.557568664170406,2
0.287226943000647,1.03373018545856,0
1.12041800015594,1.05808269394085,3
0.775982862098996,1.85171905823398,2
2.02352197988495,2.66474699449144,3
0.374816684879713,0.384156391606271,2
0.553518343573977,0.785081812856951,2
-0.487367482367029,0.459802048012086,3
0.267426979535789,-0.0637142999744648,0
1.15057800323909,0.530657076683624,1
0.95322202919672,1.39583816039142,2
-0.234504753304139,0.519301388095505,0
0.152147517075397,-0.176419934842607,0
2.4183514394185,0.246476183059396,3
1.36320824341845,1.20412674962533,0
0.466476226369889,0.784420301447709,2
1.17996125192695,1.12793743716184,2
-1.85646665260028,-0.552290805120921,0
-0.216742751455776,-0.259865715613962,0
-0.0653079270258351,0.361021721234953,2
0.348357098148784,3.19262427919533,3
3.14321741166459,2.62447173914083,3
1.39205697825008,1.67380604718891,1
0.265972045303859,0.0720183420669446,1
0.363536012143981,0.334742738424882,1
0.71805998459723,-0.0733334678295688,3
1.11811303958297,0.839115112349481,3
0.703853588758703,0.706390652106851,2
0.795354006436225,1.42515930003958,0
-2.3885270407689,0.00215636620290438,0
1.72120899053539,-1.09801649655529,3
1.59004527309511,1.61565808872935,2
0.260490650111005,1.28589314035438,0
0.577194864758017,1.09967110079432,2
0.545731906572924,1.88494414887244,1
-0.0344137411681958,0.984247609908988,3
0.0179550097263714,0.86934614954357,2
0.354371651016041,0.741398843339584,2
-1.07909574257979,-1.33093993551305,0
0.0873559155968454,-0.616894493756276,2
0.452254564818512,1.56512821558855,1
0.0303037488356364,0.447355710307103,0
-1.91089895528977,-1.38193829187747,0
-0.351119679285884,0.507519454290847,0
0.725922923065713,0.685461915214736,2
0.905985670923402,1.07481348572495,2
0.190892423116675,0.39519487342456,1
0.883491838411849,1.22218017435736,3
1.34039230444412,2.40174503719063,3
1.37382392413256,1.83793158680273,3
-0.112521408598351,0.560763768868252,2
1.47828717328828,1.13416667859582,3
0.449093413352962,1.24073929285176,0
0.929359943181365,1.84996507781216,3
0.510079712540209,1.24109442212941,2
0.637537380347502,-0.0978654571797712,1
-0.277826907321388,-1.55071751087269,2
-0.806962757788154,0.581152541317136,2
0.821749510159407,1.23934527817859,2
1.62955575906623,1.16276353722349,0
-1.57344092605319,-0.767677762288265,1
1.40877840864731,1.27055174134527,3
-0.567668876787089,0.632077460719563,0
-1.00005497968264,1.27530506695806,1
0.920734726338117,1.37600389724713,2
0.836778811541547,1.09698150139881,1
-0.424346378534779,0.724755042620392,2
-0.162858410605425,0.0278433461936028,0
1.11196584737099,0.370891514186096,3
1.53396485399333,1.46951513243496,3
-0.427416904027946,0.887330441144463,0
1.00017251834018,0.991386880410358,3
-1.30108247280174,0.350418149324564,0
0.366772115736802,0.875639755368794,1
1.17120722268979,1.51110598889426,3
-0.331029222428522,1.78752875470959,1
-0.642391703039173,-0.111082321017159,0
1.95123201977536,1.48746924725284,3
0.853128069091624,0.745821161392541,3
1.71859997305179,1.07993351458545,1
-0.469412043554097,0.336345955782875,0
-0.227948924188688,0.520672420253429,2
-0.207847333151478,-0.0988765453864889,0
-0.348230389347824,0.859776529617036,0
1.48995086033946,1.87685952422968,3
1.54227419093587,-0.416959891004964,3
1.68684974647662,-0.889673633652101,3
1.50775819217341,1.12391715756996,3
0.477946072331534,0.930575854069794,2
0.551659245515193,0.618963890665544,2
0.641128044739438,1.29199604936013,0
0.0570769105512445,0.636731931558373,2
1.27668136435204,1.20088528800955,3
0.812025748204765,0.472008179678087,2
0.174637748614976,1.28447929285477,1
1.45627549819052,0.592562131371936,0
0.653849836316683,1.02469723750286,1
0.737718881573536,1.03959655755025,2
1.41462082822052,0.813068545564762,3
-0.161284035827723,-0.0750059773780969,1
0.48163834247279,1.21210926234441,3
0.267503790437497,1.10156311547039,2
1.33117973078197,1.6530919836091,3
0.923474109381678,1.03913866337504,3
-0.521036302437038,0.325150899357849,2
0.761412441895564,0.980078989664625,0
0.474235316499649,0.613824039562327,0
-0.794749692371475,1.20126599069475,1
-0.0254756448200757,0.378061740090177,2
-0.173322856240254,1.47529967027622,2
0.282934684934433,0.974370430031829,1
0.0892244252062353,1.211051144912,2
-0.136580054011765,1.12055421366745,1
0.360726257853943,1.76446997428333,0
0.857703042974614,0.878036775725742,0
0.194873827855092,0.0281514403394946,0
-0.0124477489997898,1.24675636290011,2
1.16189273655881,0.635773987179915,0
0.189368710310207,1.12909768050471,1
-0.204884892689797,1.66941300654644,0
-0.280727804271873,0.282488214205146,1
1.17501638829576,0.275611861060405,0
1.60020904682691,0.348683146332438,2
0.446769446336852,0.607291534173977,1
0.438642617105153,0.439146854240077,1
1.76570112529634,1.3686471587578,3
0.670819884853827,0.948300822527091,0
2.14487941352527,1.69065149774786,2
1.31875162687502,1.29752524998531,1
-0.0570011263697956,0.778169787387896,0
1.60327570259722,0.661805962406786,3
-0.0532222613489244,1.07911664376359,3
-0.80447178993734,0.128390208511122,0
0.319435875690459,1.16047441042887,3
0.589009965974952,1.25719965681028,1
1.57536221181225,2.16220913447813,3
0.25073977084742,1.03342710310973,0
0.175212602879161,0.546264849473865,0
0.0585723957502506,0.903856000293659,0
-0.139654125129952,1.13354848593284,2
0.530172161059097,1.1464080668342,0
0.332992146307199,0.622626738433814,2
0.889535326257599,1.59940753702342,3
1.37597721852255,0.973548160823244,2
0.606089843335442,0.0774516734223867,1
0.987976026936889,1.11921663469328,3
4.1631918425214,3.61466737673566,3
0.862767740982897,0.967031182639537,2
-0.983570958094473,2.52813695716474,0
1.44017611630286,0.17677901713142,3
0.279294505130623,0.522076850356355,1
-0.386121594759762,0.164690756712884,1
1.10387359344557,0.256105812940581,0
0.924563416284417,-0.260563263916602,1
0.404792686585454,1.07618745810459,1
1.16050009314798,-1.44128728433283,0
0.710377892776678,-0.699760006396171,0
0.249940076353732,0.966101707857185,2
1.63046882444385,1.21263988171162,3
0.835428164985034,0.626044284538718,3
2.48037630718391,-0.0483247531462113,3
0.0654868913772479,0.394809094637531,2
-0.883014978312115,1.54602392036518,0
0.0282590459843535,1.08575228825022,3
0.221630004437845,-0.2542223262049,0
0.374680057859793,0.525703082772393,2
17.3623681820305,-19.6496276952217,3
0.435960052927764,0.968228187718111,2
-0.520574607166043,0.851681139055653,0
1.46558553028513,1.46479795051767,1
0.793872911383031,0.700009352195075,0
0.563707268168532,1.33780382778136,2
-0.614964319069293,0.690228263731886,1
0.812445832847071,1.58127752659663,3
-0.759752882342961,1.71828022699407,1
0.653267229620477,1.25117775768017,2
0.398939106099576,0.754182869825366,2
0.945792414491411,1.59670888306126,2
0.940396487640713,0.00365751213692367,2
0.133592293271584,0.412216833264338,2
-0.0998015973599211,0.972242028900409,2
0.0147450790846243,0.613665230039625,2
0.690779314366271,1.34772407839997,2
1.48732479338211,0.643570038189531,0
1.86484129716964,0.22664563319168,3
1.03787682089831,1.14056934179941,2
1.57199123707759,2.14474509745637,3
0.352791955223328,1.1753675355794,2
2.05735234507739,-1.75716173728354,3
1.44999545896147,1.53360025986226,3
1.10609727118178,0.865772481303396,3
-0.226743077458102,1.98433846542263,1
3.50666953767798,2.89881527856131,2
0.515399436610508,0.748821780724623,2
0.213644328660898,0.295520228054076,1
-0.255158419771128,-1.09185535825227,2
0.249582723635488,-0.30933004137463,2
1.8000111078407,1.08754384093646,2
0.191503492148269,1.56691901498334,2
4.70654058928394,2.70872070801595,3
-0.217358511878536,2.24976716379874,2
0.428408093778568,0.535806695942883,2
0.873211757941915,-0.832739872353862,2
-0.506016810854807,-0.0263501118801818,0
1.03112914330494,0.886630610404636,2
-1.729166248607,0.323394580764851,0
-0.546501501284237,0.655434714241975,1
0.373765051502193,1.43400944133733,1
0.182217875170109,0.827143752382632,2
0.947792074711725,0.839762314639883,3
-0.545062216978609,-0.079122043241789,1
1.89256341228285,0.783774323837772,3
1.82971319072262,0.759070281549055,1
0.182029437908056,0.6648859248478,2
-0.434817005000844,0.005567620028716,3
-0.509590181288207,1.19335567606193,0
0.15814554709663,1.52362241727708,2
1.07966828946652,1.78732609303715,3
1.1698928290053,1.22652627970165,3
-0.17455882120792,-0.405385368346646,0
0.0477646503836747,1.18309226801372,2
1.10838603394811,1.08954835342402,3
1.46349519232727,1.18526451923062,3
4.92212137881639,-1.58953033472025,3
-0.399357382209813,-0.00242184179679977,1
-1.3288892613549,0.381795692462019,0
-0.411901859869387,0.764120103921405,3
-0.531357010147859,1.01315011117566,1
1.45493038186099,0.226803537989523,3
0.444725918790832,1.27946383446028,2
2.99907945420597,-0.160232836536208,3
3.69609032589441,2.68266994759508,3
0.601892751110713,0.415813174924864,2
0.458581889404124,1.01808223833994,3
0.57931176129355,2.5600220726342,2
0.239624155648679,1.16223528932597,2
0.175612193677605,1.38684184952639,2
0.555901767855072,0.696623400119357,3
0.185322172507783,0.262023698010045,1
1.16025774842179,1.58993817024993,3
1.09870409145497,-0.212895767686967,2
0.528736072410052,1.69578014948676,1
-0.328344830462648,0.523705929293166,0
0.953550331744532,1.82490828787188,3
1.68544750426886,0.319671322928877,3
-0.178246735402898,0.703046641484976,0
1.10713516588745,2.76550832504662,3
-0.503548132099639,0.244792039328533,2
0.852576449769067,2.40022554952315,0
7.53535375328775,-7.26903625772168,3
0.580966729890051,1.09556308820535,1
2.94283034133609,2.34740612182247,3
1.0689885104543,1.14884592467745,3
1.03477498222009,1.45543420994113,3
0.976388157555815,0.917351621986277,3
-1.1145403001155,-0.367686696707637,0
1.91386757326236,0.345826624926969,1
0.415701686342095,1.34132080016738,2
0.2685057903229,0.817130070367246,2
2.06484332891613,2.5981747355958,3
0.252413322059094,0.301346094892155,0
-0.371252682268052,0.797574060333878,1
-0.142642093414832,0.893530950660012,2
1.26979332672735,0.595018814923611,1
2.62358863098704,1.86172546879378,3
-0.0955852884376546,2.55790761748138,2
2.12849837819266,0.96064242536361,3
1.64593909773047,1.06102065374897,2
1.05689762571038,1.51304311300498,3
0.317428242101718,0.335652774434894,1
-0.0300398344040351,0.396345975048844,2
-0.284401466846399,1.57783014130013,3
-0.493994330048353,1.42782659583692,0
-0.210085049943818,0.368914493094003,2
-1.05778176210233,-0.256730829820042,0
0.258666133254502,0.799328229308879,2
1.7430490750649,2.13313216088068,3
0.264577960917707,1.00518903682719,0
-2.43659715414662,0.018752973127776,0
1.60724016160357,0.368837796518253,3
0.00721184343060188,1.50597874668257,0
0.847351910362716,0.561715835958284,0
0.865691283205577,0.889374172192101,1
0.774512547163155,0.687632273712169,0
0.782066379649359,1.23173925152842,1
3.28209802869925,2.94855868604185,3
-0.132453313204224,0.248101014468291,1
0.0389327572534194,0.766455774225302,0
0.390622633087086,1.21779857331631,3
0.642028279119546,1.41862897698849,1
0.802295217370013,1.11094418552416,2
-0.450559119890015,1.14150595989645,2
0.571619644517686,1.42396026146616,0
-0.105045721718669,1.29803501706889,0
0.260620643724838,1.65433937867687,1
-0.658274723808906,0.204269588226862,0
1.36506334724144,1.92268641765171,2
0.50419545433027,1.06221844161922,0
1.67702603159608,0.612418285047907,2
0.129696491757923,0.382107729520011,2
2.30364791745947,-0.254012279503269,3
1.27718537918041,1.54916668049066,2
1.35156586198328,1.56130210415302,3
0.534641070203349,1.34555928812445,3
0.165991264722569,1.51762052546494,3
0.707154591446598,1.09915548605457,0
-0.709635367378385,0.943265003573094,0
1.32914926518146,1.61644184608768,3
0.750416394527514,1.03613952739379,2
1.81371831361686,0.425679925839665,3
0.432934762328139,0.928450520389896,2
-0.164112039045014,0.460483509601564,0
0.833084062931671,0.873723323053671,1
-0.966974686459534,1.77053346068405,1
0.942489140755876,1.89405818328338,2
1.81108144275012,1.23442048063682,2
0.260951133647157,1.88128026760788,3
0.290375644967573,0.520523234440902,0
0.873749116131276,2.57488376295419,1
-0.243151818312289,0.961835988760052,1
-0.0651088598560301,1.01819319586908,3
-1.4658660450662,-0.231076734690821,0
1.5526102391815,0.403049588834148,3
0.749742612545166,1.04461177396449,0
0.898678400507038,0.446466299468813,2
0.737202194771502,1.27171925388176,1
1.71938407712999,1.42604943523519,3
0.3006293067273,2.02833885948129,2
2.04392409082115,0.967762851731155,2
0.859893415693985,0.495334177803877,0
0.621837055119501,1.0566322012986,1
1.06211039731147,0.859199545203508,3
1.30362488149388,1.44752013606009,1
1.28512308598992,1.681388890955,3
0.708793244807402,0.961784370366855,1
0.0080244360583005,1.0532461686592,2
0.619814608222583,1.01993439364914,0
1.16003265243117,0.545075374574988,0
0.553034912399151,1.40408993132959,2
0.925359165596011,-0.130316785857253,3
-0.361294038604074,0.437104062295576,0
0.279720405626106,-0.800451561063131,2
0.521574275589913,1.23412203040068,3
0.495871777896839,0.942818390678493,1
0.741422237710626,1.61171686045301,3
-0.83173010484936,1.41257368717148,1
-0.548451464251063,0.734829996581712,1
-0.502611285632296,0.312182134254618,0
-0.0547165568942373,1.30411865039172,2
0.600169211138503,1.27977983667778,2
-0.441410846508669,1.22846975658512,2
0.146431774861676,0.606189012747026,2
1.23691297229334,0.928173942866613,2
-0.176093972237216,0.65611046973948,0
0.816325460163161,0.290195253758566,2
-0.536328450604553,0.866534035933357,3
1.15058522382762,1.34453980816526,3
-0.00604423862362138,-0.0201662616997218,2
1.23083735352889,-0.0116747654794479,2
-0.116579075325851,0.03337934383395,2
0.384771848422224,0.604820829070868,2
0.420163425597844,-0.0577534674165845,2
0.164173050923713,0.674623459937583,0
-0.383455139746985,0.71942701750082,0
-1.21411757330592,-0.397374308974374,0
0.224205298701499,1.04857734322926,0
-0.843835960607284,-0.14425995708201,3
0.833220202324792,1.73119625287317,3
-0.752677837443602,0.818576003721703,0
0.832811129500433,1.10777744373797,1
1.97753834968605,0.494698442878026,3
0.156224678911555,0.901408463179694,1
-0.779222222449743,0.565290588530347,2
0.0739268213539246,0.737098895324237,0
0.0415259962639392,1.38759776677538,3
1.03895448613676,0.915984756637291,1
1.78925083889292,1.87125637556558,3
1.12028568283826,0.962597200304437,3
0.986474767778854,0.286982267181122,2
0.578838582204808,1.30046503738355,2
-0.489151802769533,0.734856484830901,0
3.16965801313935,1.3411879899105,3
1.36153003379115,1.56928866635912,2
0.0598432337081265,0.418317535285564,2
0.606149181986554,0.826796529841344,3
-0.36890077833725,0.343787326280855,0
0.863945448384517,1.62092492895776,2
1.45412041859398,1.56149665698144,3
0.734241955791402,0.667798173088538,2
-0.0274532494821504,0.72350983316109,1
-0.681736800271235,0.865232471980132,2
1.09267584529738,0.980246539834076,1
1.30635515507838,-0.402108011666348,1
1.40158498379835,1.83172043568404,2
0.097132830390767,0.649021408765062,0
-0.0837543028755589,1.97765696398652,2
0.561725735853407,0.489350069477857,2
1.22005190414442,1.01565336420651,2
-0.0500936568246198,0.503282363634842,3
-0.441685879102667,1.2813845893087,0
1.5120547171712,1.25679502491785,3
1.07822786129286,1.47970351878764,3
-0.297310458912172,1.41692355151025,2
1.79562746294179,1.24550239063698,3
0.706537791784425,1.47232774201298,3
0.60646408289081,0.0769656810045277,1
0.214258854089425,1.39087405908951,2
1.50466197449307,1.9748953601253,3
-0.805570305794699,-0.00518469927458964,0
-0.0419998897018843,0.546958727786815,2
0.860430922932682,1.20444914125782,3
1.65595821827024,0.996780283259027,3
0.630031820199798,0.744596895677919,0
-0.594739035644306,0.104943932237858,0
-0.17379672548718,0.3122169268938,1
2.82992098030377,0.820117478059291,3
1.84133899765773,2.27963147434453,2
2.10761367092448,0.355942354783603,3
-1.19959900088075,0.615813358666999,0
0.0415934283345076,0.297608975098172,1
0.29005526261141,0.663379805532648,1
0.762513567306285,1.14148479882116,3
1.20425148998461,1.02631318123952,0
-0.353387623592394,-0.902913150676645,0
1.36867764456673,1.17981028498329,3
1.32565522028537,1.71039199114984,3
-2.29191030888404,0.376669331138588,0
0.895884806452845,1.68175986234166,3
1.3111417531209,1.41179303231667,3
0.949390894252638,0.756193275962485,2
1.49646725404815,1.63083763016113,3
0.990016684590148,1.00275865468037,2
-1.06879605098944,0.301501997221657,0
0.663691045809458,0.813318543920032,2
-0.206112719239127,0.0304508898640141,0
-1.12028095239032,1.29129610242375,1
0.611169587251573,-2.10557927496821,2
0.504921010609471,0.682379295907941,0
-0.215305616608919,1.19942472467282,0
0.919957852117163,1.27845827707822,2
2.00218126323221,0.429643862108033,1
0.913408703609659,1.58548667167491,3
0.900090915581058,0.541257774231584,0
-0.505209262629205,0.0540848357765947,1
0.394561725674817,0.0262725115203678,0
-1.52064129081755,1.51908779488919,0
0.266558020021175,-0.11895049166017,1
0.860130005826514,1.55331527751889,1
0.953628188535632,1.06542960867645,3
2.16338576695085,1.56864688718534,3
0.103444334120134,-0.338895425518347,0
0.718729106566219,0.787452893501639,3
0.796350934076215,0.682330875491771,1
0.910782095594801,1.03394395434909,3
-0.278683002985518,0.113270301540676,2
0.774086834377922,0.433996656963067,1
-0.140413539368941,0.745459797000153,0
0.369613425380443,0.406450722108049,0
1.39760756343675,0.829401308581223,2
-0.330595305482129,0.914565447525953,0
0.862282343401605,1.55726289030298,1
0.748488254928892,1.43722670258742,2
3.47432569776012,1.63292768118053,3
0.41805388746734,0.894701010963771,3
1.2812845168003,1.59546826880641,2
-1.09396726763144,0.768785798094464,0
0.0943997143448219,0.797952371019351,1
-1.71834842279859,-0.679120542187379,2
0.123982947651022,0.484546945698353,0
0.217363590708713,1.57994030512456,2
0.209774986828799,1.70897624578955,2
0.990022150182172,1.44533459806902,3
-0.353929992106457,0.300788142842788,0
0.83130722983033,0.630059793526842,1
0.501993392500214,0.966617799957935,2
0.217840813403891,1.54417719047057,3
-0.931823124123115,0.947615130381362,0
1.5515574249397,1.00019898237712,3
0.43837917785848,0.692952342121038,1
-0.628035566799228,0.737625672776513,0
5.29742653517009,4.25871832381782,3
0.648412500506787,0.72087035327846,2
0.355721732769289,0.558858309573274,1
2.34448225628884,2.36861013511333,3
0.760490496566763,1.31379595976778,2
1.41444069642102,2.55266716563936,2
0.379327173419071,0.461684228275711,2
-0.402822291448857,0.00315535315664767,2
0.834560031800212,1.09253864862646,0
1.24716081590614,1.53072898248332,1
0.716404108018219,1.81580504784439,0
0.868685322920811,1.41678880374408,1
-0.109772422480998,-0.247319603797475,0
2.13939981335608,1.33032234248763,3
0.706826710527462,1.02680050735694,2
3.13176626873638,-0.601397869224365,3
-0.0777107722884374,0.755477565712641,1
0.216836182124975,0.901694383936174,1
0.971364037726408,-0.790474602689625,1
1.59170463324979,0.61025744860416,3
1.22827463796407,1.90094686868705,3
1.01068939011458,0.904445396452283,2
0.359253100520511,2.64654186632068,2
0.836033471638229,0.529104201197792,2
-0.326550154587911,2.06020603199791,0
0.487809160486898,0.08337866305686,0
1.60411942924869,2.22916915233388,2
-0.274493082227322,0.931816117779288,0
-0.730561543227733,-0.187087224742972,1
0.683132753398013,1.16896239708225,0
1.1184723828445,0.714268277956079,2
0.387977600942507,0.231310448753431,3
9.78334312326168,-11.1692495386733,3
0.343858632907021,0.495506876611629,2
-0.640228960635332,1.65719248448082,2
1.31245738193268,0.752369236630037,2
-0.59265178354787,0.240348759493459,1
0.851045093776437,0.325638851974032,3
0.497064372436034,1.50807558027903,0
0.599696748231826,1.75620873909157,0
0.341081530713087,0.43404207073226,0
-0.515726485907359,0.385566336294715,0
0.255550666484294,0.936941376420552,1
1.04000062256377,0.287272356066733,0
0.815744824008648,1.07875914324781,1
0.576393071595572,0.648544687825077,2
0.62297261093893,0.269359640656929,1
0.368672259543691,1.20506027665287,1
-0.705307296079782,0.343084617718395,0
1.50094298355536,2.23297994804953,3
0.116706871657458,1.20302004354021,0
-2.22227520533261,-0.629063137169439,1
-2.09169058135402,1.54400687535693,0
0.360950503372971,1.78237463146117,3
0.926358230583266,0.868178832241782,2
1.45550629977417,0.564809389066464,3
-0.603843118567615,0.658487988003117,0
1.73627668752761,0.931740402981447,2
2.41984423019985,3.14519799743352,3
1.11123370289119,0.452819651076112,0
0.351932596002154,0.979798470488902,2
0.784450143433125,1.64681460924099,2
-0.561236126460675,0.522951349854983,0
-0.069098590311776,1.47677724930869,2
-0.0409148514699537,1.55617850566297,1
1.8805606615586,1.54869390727188,1
-1.1027345574251,1.38282779612205,2
0.270319814019974,1.32603294603381,1
0.460225157508376,-0.265312233082222,0
0.4046027021279,1.20686283285644,1
0.19513924500681,1.12869193827869,3
0.852968367488609,0.416169156004795,0
1.53892345981214,0.277719594150081,3
0.0825675927145961,1.54365718761502,0
2.29783970155226,0.816186818005475,3
1.31561722887231,0.449252833339311,1
0.71867365273081,1.07331559866135,3
1.50619843920323,0.750007240438923,3
0.660381604549045,0.853076328167109,0
0.392018749907888,1.00951523453256,2
1.2834849944455,1.48144257788496,2
0.494496612680408,1.32939475256446,2
0.966948616300457,-0.259915655562033,2
-0.684939777046229,1.28162191903607,1
0.417724641651606,0.895189303411879,1
1.5186742753897,1.46823381800989,3
1.02324821584226,0.446602903486328,1
2.25041707575611,0.264457253862867,3
0.546340199549182,2.31483929319315,2
4.96097997989105,0.229350957887032,2
0.892867053934866,1.37679597620095,2
1.13134024246673,2.25325078130645,2
0.213625385119281,1.03400142306879,2
0.498943952848709,1.21177280640681,0
0.354659088806897,1.20143356548133,2
0.456042824524042,1.63360169865242,2
1.12877446452772,-0.118277704312265,3
0.0565876390171216,0.597909910655785,2
1.07686259393393,2.21044992821276,1
1.1825701152823,0.372462587174399,0
0.341814214427376,1.20333000921017,2
-0.940986597227018,-0.81280667161026,0
0.473367065826886,0.654701613055147,2
2.07651904731971,1.8449519586575,1
0.0386901500837062,0.234437794733438,2
0.825414234555101,0.994726588040039,2
0.424652199468367,0.667984729715139,1
-0.146970019522128,1.00031946048395,2
0.5468452934496,-0.663244760161645,0
-0.428825911458028,1.16895473618458,0
-0.0627782152122967,0.154294209401933,0
0.663023530021668,1.04679385973316,1
1.06032697653728,1.43097657879956,2
0.532983844026768,0.890431254356543,1
0.885699327294489,0.573350707601767,0
0.627384125398476,0.834537552474165,2
1.14723047367386,1.53866059270454,3
1.07964827118225,0.666679721655977,1
1.13747703440008,1.07745039282069,2
-0.116994993180786,0.549133161921198,3
-0.35138628222974,0.5764983370743,0
0.507144560199798,1.31725219363854,2
-0.174877263413386,0.178208719147615,2
0.848045289778885,1.51976066792451,3
-0.356993517264467,0.593240405644845,0
1.29662167684561,1.81459500548566,3
-0.644883236313052,0.73845951902526,0
0.537843292589844,1.16731734191804,2
0.171627449362825,1.18646338256836,2
3.41964344820886,2.71917451293571,3
0.619180169958591,1.48926980912357,3
0.90163933062247,0.0729806569298503,2
0.151370057686702,0.964105066404272,0
-0.406539327009909,0.892358394422906,2
0.0703689845727813,1.15251675752885,2
1.66198994384146,1.36961102961436,3
-0.87645164309323,0.00887742746348197,0
0.795187070419273,2.55414852707477,3
1.15278134711849,0.450357251001535,0
-0.649741836994033,1.39803303112361,1
-0.137298818345993,1.14998385814626,0
0.697221538060796,0.064041801959197,1
-0.563263333842968,-0.142274813303739,1
0.31868378340212,0.982967224717377,0
1.33358738959842,-1.11196674352094,1
0.692627204723367,1.06493083729799,0
1.16939236573183,0.644688269637986,3
1.25091424177208,2.19589794718217,1
0.490855044750368,1.25591632951828,3
1.239418360645,1.68981631710675,2
0.970615508345345,1.629974200223,0
0.231256788003576,1.10461679329135,0
0.316303616729312,0.599511509904133,0
1.06491384336713,-0.554181277021971,1
-0.349003568203376,0.95432612627396,0
-0.0908883206705749,-0.473608733834144,0
1.61809983276995,1.83139737159984,3
-0.841091443771597,0.388406727100181,0
-0.13509770409098,1.19614301206732,1
-0.0920590799209406,0.890486102404111,2
1.36608179738202,1.16072939046902,2
0.282203410644691,0.478516256493013,1
1.06690353649456,1.37527916084158,0
-1.12332835912327,1.89252774386984,0
2.05780168117158,1.01260365794222,2
2.24443430062999,2.37695961985786,3
-0.151198330839254,0.48235000099073,0
-0.25189103721442,1.63402427137409,0
0.586844619063655,1.59131337593649,2
0.519325592240985,1.29058964302962,0
-0.155283575036944,0.505645516397932,1
2.50885352759135,1.72611548786762,3
-0.662291476870616,0.594915198969653,3
0.22247619313284,0.540319881020107,1
0.74985351972517,0.926230807577521,0
3.49728717597317,3.10027615157113,3
-0.0309116230655206,0.0570929024917501,2
1.24462864440881,0.77817017586463,2
-0.972433962185154,0.736371394659136,0
1.04604962882216,1.65932703371251,2
-0.0159032094061144,2.01749839444085,1
2.15565545843461,2.57885599407643,2
1.22512728045396,1.72189954514836,1
0.12594976578013,0.816985493260485,3
-0.678381101859605,0.171165905421197,0
0.696076481201394,0.773278573165277,2
-0.44163190753037,2.10167384221606,2
0.41315915937586,0.723571895438867,2
1.25557793427488,0.465489305677384,0
0.617303926004967,2.77905670866982,2
1.79627398005131,2.17955758525927,3
-0.0649673743555168,0.742811226975583,2
1.66155769927335,0.0730823354447862,0
0.524901745951094,0.924913244898705,1
0.489455184965706,0.806228726482948,2
0.970012955512382,0.762664261246005,2
0.273257685682421,1.029345509495,2
0.873270146986132,0.798920060702039,0
1.19742035955144,1.17622515178399,2
10.2824030461636,-8.83064193717832,3
-0.567137173625326,0.749466738901122,0
0.651559081064539,1.52764847393329,2
0.973917081954962,0.791570504190091,2
-0.436312967733368,0.570301481500973,0
0.222827560211693,0.90534101112886,0
0.711134748907952,0.690206703717707,1
0.730537603892659,1.12981784537659,2
1.2313031351701,2.36564181245846,3
-0.511000018096681,1.04403866881222,0
1.51421088546377,1.99418353570425,0
1.2346792818327,1.3293886584863,3
0.802320321435803,-0.497540985827674,3
-0.220945285104101,0.332233211987653,2
0.823658966801918,0.593125425817124,2
0.294323340663867,0.92062667253868,1
-0.245900645129664,0.94581737496244,1
-1.08114596923491,0.169362241483463,0
-0.602204060322117,0.630961248465156,0
0.915457782408825,1.55359920707676,3
0.501495313369295,0.539541239318775,1
-0.379459751389609,0.905451150007941,0
-1.67345651194549,0.0891712583502857,0
0.831590008934722,1.9142404569698,2
1.40754238783343,0.673129215608226,3
-0.209791093321183,0.285337033395273,2
1.66630428316815,3.04692586062649,2
-0.864009570600064,-0.556222607361061,1
0.145708941720386,1.2673994217621,3
0.674570560052889,-0.393069765439928,2
0.555258274741545,1.18300740774575,1
-0.473216269122361,1.01642030585003,0
0.886766256912454,0.053432898603071,3
0.0412341617404852,0.981007377354373,0
2.24725395972378,2.75365511044956,3
1.45086569087125,1.61012709520999,1
0.0937797515641113,0.999865656208099,1
-0.326936202553239,0.159847177594015,0
0.377027700051379,0.441623300815381,1
-0.516178130801634,-0.0545687357421057,2
0.0797256331364533,-0.090706653314502,1
-0.251017424166897,0.120526180088034,0
0.00153868299178184,0.565747217450686,2
2.33127142401512,2.95303265535055,3
-0.188502310029779,1.02504933434508,0
-0.330980632524695,0.401433442956981,0
-0.220988928773215,0.56073942389438,2
0.313948878203373,1.87382042293401,1
3.43044486002133,4.18573394311649,3
1.12777000783794,0.724269822871757,3
0.313981457068261,0.997338466688526,2
1.12651565866805,1.15607338617541,3
1.31541459448924,-2.17121510309151,2
0.650347799173857,0.909011140503276,3
-0.135960214090198,0.412973234770459,0
1.45566761720222,1.22766452872159,3
1.22247945579272,1.4890854507188,2
0.634070900166445,1.20259875717001,0
0.210963957781081,0.668735959716466,1
-1.21857872181672,0.238932581717659,0
1.32297430037693,1.83900118010553,2
1.0529145928884,1.86451244965075,3
1.7081028160786,0.81187229703797,0
1.14541131955698,1.35195813004789,3
1.01145244653379,1.40591726108345,2
0.488710101513035,0.372886107055014,1
-0.803886884581544,0.414179391057687,0
-0.0203010655885276,0.570585299805671,2
0.0693020484875202,0.705257548059286,0
0.578183984103842,0.486293878938534,3
0.917342887018153,0.790032566258615,3
-0.145444235364163,0.313024620046358,0
0.803012812446167,0.667231172365683,0
0.808620715418102,0.984897221385985,3
-0.00558675756818361,0.603943168449372,2
0.441760487475469,0.932579156510581,1
1.71196183528318,0.505888174645812,3
0.561338698270989,1.06811838531935,3
-0.578662091211008,0.629865080514932,2
-0.835695347158771,0.481110855661062,1
-0.348273718260319,0.136337159905689,2
0.10644984037769,1.65421370970309,1
1.14828124090448,0.637970740462635,1
1.09480205126137,0.995950582848061,2
0.974953534619282,0.784305606480212,2
0.0151873075997199,0.303956846407191,0
0.464948672821119,1.09093228119382,0
1.18656896969883,1.27925679604079,2
0.229024275181498,1.06675648187151,0
0.966162202395666,-0.0378764477484628,3
2.8815598684608,1.97581595022067,2
1.25908946774421,0.937604776850958,3
1.17863983759555,0.976130289320946,2
0.265331112308791,1.10928901357662,2
0.960787089345542,1.25508606552398,1
1.67640273819104,0.680536995171371,3
0.609057358229318,1.09564522889705,1
0.795059627412386,0.807003369178062,1
1.68843784731477,1.77229346414497,3
0.795580387468846,1.04702864032118,2
0.182447884632641,0.98628224851647,1
-0.137536604543699,1.59210925668482,1
0.484007052713275,0.780457686824404,1
0.196023491313204,0.655745462055622,0
-0.0252261697099474,0.879550276936937,2
0.765233854524684,0.415092896076991,3
-0.0710804119099184,0.75196270998297,0
0.518067710539505,0.793735840223344,1
-1.02914225710765,0.18445188080388,0
0.790773457956604,0.0380444392437005,2
-0.177057453845207,0.453310840164863,2
-0.248647175424542,0.0697834534829619,0
-2.0548775530391,0.558655960655141,0
-0.12040203744538,0.472693055708927,0
1.36036632235014,1.37209613612698,3
0.218799710599676,0.871539999629577,2
0.130927881916639,0.37795959202821,0
1.52917316806013,1.4396542168885,3
-0.0668670872996047,1.06449280361701,0
-0.932553582407995,-0.0978653371952402,0
0.369560151876859,0.239001178640785,1
-0.111190618936808,0.491934547887487,0
3.16343124674052,-0.425663342733748,3
0.700762904882518,1.31853343220875,3
0.550023252926523,1.2445071999988,3
1.03807881731808,2.08159433237758,3
-0.349153862491748,0.668449909718443,2
1.00085907305527,0.764966989114296,2
2.24665169115812,0.406129999565444,2
1.27180082832056,1.57193703211367,3
2.33419922629583,1.75775548731866,3
0.136817352256759,0.50647280999909,2
1.11383651419519,2.40638910860306,2
0.354833162361042,-0.814651666658093,0
-0.00775549068114036,0.53759403319899,1
0.407739828097242,0.539936563852612,3
-0.110140386089323,1.38274247180298,1
0.458294208910555,2.57036277680129,3
0.874331553453555,0.523304293082565,2
0.872988137712716,1.46544321916031,2
-0.283106984632454,0.854177297475146,0
0.801223173831889,0.985484509483156,1
3.97158222788545,2.46655943624004,3
-0.933499645171999,0.146077084261209,1
1.85660437177431,1.4232277899104,3
0.0213812757415154,0.384055686467951,1
-0.925606116603627,0.840928282042986,0
0.795774033921671,1.25700049721117,2
1.13369978689285,2.22931953194766,2
0.678178570327155,0.409047258787042,2
1.32430931568389,1.42170173444234,1
1.63145829267532,2.38764460149724,3
0.112218425401276,0.421815379535237,0
0.196119905291706,0.760688917399679,2
-0.411879493264449,0.749956727026165,1
0.0859122300059751,0.359415337870826,0
2.02384546310806,1.21333228461257,2
-0.655181281985137,0.388768078025445,1
-0.959313162997357,0.441075579248648,1
0.3406116029876,-0.0401060685013918,1
0.657746033931381,2.85585066425276,0
-0.203105690553679,0.96476431582426,0
1.61955016406784,-0.801768545991449,1
-1.32989626381772,0.322904641487595,2
-1.02738279606606,0.764310355435078,0
0.651128855182934,0.593339300196839,3
-0.343586570548336,1.03227688001645,2
-0.557415850418252,0.670390213370255,2
0.201564947980669,0.244892187284235,2
0.223659169526122,1.1870405104215,1
0.148752889447901,0.270988784159831,2
1.66665833707312,0.158344889009428,3
0.569013435733156,0.47146212750046,3
1.58183898004207,2.26361547268065,3
1.33710586668627,1.80203877268216,3
2.46393092631983,2.10493811620955,3
0.215986670227837,0.331369906681376,1
0.0950131141625975,1.09270500046555,1
1.8956178297493,2.36466826851272,3
1.1358938617242,1.12884155050101,3
1.40128742651438,1.13026680081125,2
-0.749182510131148,1.41087611648949,0
-0.312646651597461,1.06430260897661,0
2.13252549423002,0.396596383111583,0
1.01837643420713,1.70531437524716,0
-0.992767394675073,0.384190724341647,0
1.21965096841433,0.435350811978069,3
1.10621518225915,1.07179732386492,2
0.402369542810004,0.889406974681811,2
0.533364844511937,0.397579815828951,1
1.37654360186386,0.861821521299838,2
1.20078119786274,1.6479001680132,0
1.73161811842075,2.41266126936032,3
0.494369579400776,0.819341812039573,2
0.451677846912637,0.987816707007475,1
0.547208673896856,0.355192656717328,2
0.912472426644765,1.93648326612076,1
1.13569873526655,0.889409910797637,2
1.37211519152162,2.70971898197663,2
0.34396484380097,0.429883324493315,1
0.942451327424851,0.713854572640718,3
0.762162886590502,2.38558554637152,0
-3.27719819465889,-1.50872087426646,0
0.602991353659574,1.90197584242757,2
17.3623681820305,-19.6496276952217,3
0.882103710755105,1.01456193558904,2
0.883242927857107,0.599711509473073,0
0.0067189388774529,0.524336373243742,0
-0.212444522204219,0.167862625553739,3
1.40773005348446,1.24078479470834,2
0.544816763353921,1.62943333577553,3
0.488706669027187,0.350158061159344,1
1.60218227623754,1.56126207011261,2
-0.41535849847717,1.66821449592604,3
2.82814662438778,2.6035155651726,3
0.166044130798412,0.983578365474683,0
-0.835794486917636,1.20796510732308,1
-1.3242033943777,0.162876692856116,0
1.70824434032895,0.0251494268301815,3
0.126683279546825,1.30344125458035,1
1.22105250206427,2.90051978642407,1
-0.569751656494065,0.523742265784265,0
0.846068195486868,0.378175362244225,2
0.767600940812354,0.124279347163323,0
0.163041288446177,0.00366671549020126,1
1.28892597850174,0.122422070968592,1
-0.866080324424439,1.41758254861993,0
1.65663973160909,-0.448961357848862,0
1.55277227047452,1.25274364056426,2
-0.948234414034548,0.237342631286675,1
1.00239099211672,1.11721166100927,3
0.194357635013567,0.691925952325788,0
1.45661903316302,1.20399821395537,3
5.17193515968124,1.20631368744331,3
0.147207727626381,2.02253073689224,1
1.59024407712799,0.308554355135968,3
1.95144885742429,2.64391193516012,3
0.715718674773069,0.865689761441265,2
0.174469978350749,1.02286893347901,0
1.0726652313214,1.22535959744881,1
1.30400722773194,1.07676838653414,2
0.404805053456322,0.736509099702249,1
0.45260319465459,1.13586949443077,0
-0.724082276350586,0.281071211577552,0
1.43365508454106,0.91815590591713,3
0.309739474605052,0.601859608181401,0
4.20471582071437,-0.873560135894868,3
0.0724661036839386,0.687030637025254,2
-1.01674989691266,-0.677571194893214,0
0.864476664708298,1.0085610965108,2
1.11104423227938,1.143659768551,3
1.75046617006075,1.62475879115103,3
1.87078728069209,0.998082825909375,3
0.665585265214424,1.56412063423579,2
-0.484033491567016,-0.220550375668483,1
0.65727477811599,0.779053760396147,0
-0.595882299067697,-0.21802925691848,0
0.00107677314431248,0.154664576592331,0
0.0709373985664785,-0.796036038616004,2
0.0682801725523615,0.674078891487258,0
1.9022546038752,1.47978055485926,3
-0.484009726258692,1.30353083848633,1
1.36148817819503,1.68352815969555,2
0.246962933978574,0.445962383451237,1
0.895403305573252,1.57331220082046,3
0.639038191310382,0.519687471888106,0
0.898204386604738,1.10338649327709,1
1.16106594296868,0.4020741191861,3
-0.767043257082509,-0.282798240790518,1
-0.167060418476796,0.926720933936583,0
-0.551233302889077,-0.195589127203866,1
0.562091959127794,0.268758744642535,2
4.43938451551841,-0.641628507505003,3
1.01122643264408,1.20681993196506,3
0.567835209972401,0.690984712351563,1
0.0551736497934802,0.793887629734321,3
-1.44034461193992,1.43020754455689,0
-0.435612909324277,0.842155075560468,2
0.507699454407175,1.94309799125123,0
-0.507000813211583,0.720739495140944,2
0.149353861643059,0.746474920954054,1
-0.0277352865359575,-0.119308590714619,0
1.83087930329309,1.25594107704254,3
1.08245292514383,0.628845548263774,2
0.508787197490415,1.412338140935,3
-0.900833742264326,0.0752506049724956,2
-0.298854642627136,-0.506446033705804,0
0.887217886489486,0.36799953814244,2
0.603778212395043,-0.832281941294676,3
0.230683926938369,1.42481052050596,1
-1.05989151940525,0.461225526509715,0
0.644488265034238,0.801003988214977,1
-0.431105569736497,0.785679760510353,0
0.736254609281382,0.613375496068868,2
-0.076664778185904,1.06871619565725,0
0.241012188817149,1.53634991785894,1
-1.01108865980054,0.0129248793487016,0
-0.0358182394156603,1.34152070195981,3
0.736202932798364,0.424743030500409,3
0.928447948083524,1.67767695061498,2
0.0711319337797441,1.08742363827404,0
0.927980803854677,1.10365070661755,2
0.603983334000022,0.227098589063741,3
0.5216235197011,-0.0972979356220042,1
0.401166956611077,0.892485849516121,1
0.319988718448308,1.13230911794759,0
1.4122097109224,1.05891820740453,2
1.09919145485397,1.41382375491262,2
1.04896412043746,1.49374358278709,3
-1.18144537965316,-0.198478448850322,2
1.31539090865176,1.16218943086305,3
3.43133647599885,2.43575130920971,3
0.777849813579853,-0.0521922276613954,0
0.566739908271064,1.10991618882106,1
-0.507368445205767,0.384945312159562,1
0.285689218467219,0.983447386342279,0
0.642499427415883,0.836887893656331,2
-0.563755156086444,0.375142239310207,2
0.204474805062641,0.245268294525209,2
-0.352762260650249,0.537090933863993,0
0.767615408957458,0.950963359920009,3
1.3242485539998,0.939228710153728,2
0.715916148587895,1.79855414975781,2
2.06609297562966,-0.0372724530651064,2
0.728021316346984,-1.72134228170803,0
1.45964078054638,1.96606870720675,2
1.71000904237093,0.735691613536957,2
-2.1016236915782,-1.37897614093963,0
-0.0381500457979322,0.0398326085846518,2
0.474252830643205,-0.108580985935749,0
0.694506465582595,0.693926681005494,2
0.176404896930101,1.31559427550051,3
-0.808824012576667,0.136024323259822,2
0.232144807416649,0.0823740954019443,2
-1.12029636480777,-1.04841660302062,0
-0.105046329337805,1.76213656183293,3
0.758979756973976,1.71388825177392,2
0.642360635878734,1.37439919791143,3
2.34613864395945,-1.21717406283697,3
0.810640905016185,0.0121955841608248,3
1.07787286371477,1.27962997895409,3
1.2454639427979,0.540197095169729,0
1.33492726055671,1.48283690301776,3
-0.639521020267003,2.07650357871475,0
-0.309495259307077,0.875649651281607,2
0.10085786930474,0.849889028883963,0
0.96602429525983,1.11163004605734,2
0.823051250910944,1.47122112926427,3
0.915119131033158,1.56801039597295,3
-0.286367842528128,-0.122134170177948,0
0.541841518272151,0.770391379308917,1
-0.197793957192747,0.133144037339962,0
0.655020339939912,1.23024856554694,3
0.540641468762517,0.198830145215286,0
1.32096036093643,0.74050202005218,3
-0.0926308290074889,1.30520026154299,1
-0.707185106372179,0.183862700590085,1
0.510097930732034,2.0299457539174,3
0.0795518390590957,1.02142667049117,1
0.0856143951445963,0.398202369835754,2
1.16811429827543,1.23267917733473,3
1.05466930177379,0.450621892218045,2
-0.543459564523572,0.544088843493129,0
0.491336619068105,0.181029435410707,2
-0.483735236911705,1.95206398072079,1
0.468554940048591,0.896317131700816,0
2.06189545551681,1.4783979376247,2
1.17105098770312,0.841118178154246,3
0.393763813342746,0.387535449456933,2
1.71056118810212,-0.0281829671300557,1
0.0745537185471441,1.44183354391556,0
1.26934433502842,0.26223280910001,3
0.243821517903089,1.31274853861954,0
0.941558018920082,0.652036040995857,3
-0.441466418564787,0.242444608766703,3
1.66095998023554,1.0751392344216,1
3.61243989014511,2.93097323473593,3
1.42040473145677,1.37331769347593,3
0.707523560342773,1.14844002380748,1
-0.441309608192207,0.58646159051788,0
1.91697748767596,2.75891537076384,3
0.274288475423114,0.685215826069059,1
0.897917261165724,0.890417760137721,1
0.699154690275525,1.37160770799551,1
0.156882662091252,1.15150987422646,1
1.4073190819017,1.53154942664961,3
0.574569338017528,0.49239366231643,1
1.41786476248657,0.849239248653949,0
1.82033966455758,1.78619063496745,3
0.478425383471964,0.535781439664162,1
1.42010973015444,1.36852064887527,3
-0.0784536810786726,1.43445066204691,2
0.593444327660988,1.52741689725707,2
-0.0881648661165217,1.28917515452319,0
0.468989514166775,0.739855336142625,2
1.67172549912886,-0.730217600939445,3
-0.562003897497778,0.360715889523146,0
-0.46106628106766,0.650229421379051,0
1.14860702477516,1.08993346350579,3
3.91724533463375,3.9135154510312,3
0.154865725291475,0.0993253544711405,0
-0.44887543048238,0.634757712087374,0
2.37889523458008,1.33769598524684,3
1.39360367118734,0.621884574820364,3
-0.886632270558423,0.426343359341295,0
-0.169180096677961,0.701233524067174,0
0.751775202076031,1.30283412617589,3
-1.01588514430788,1.18655271289238,1
-0.277031018867478,0.621385173122968,0
0.480422225984052,0.806683559001425,1
1.56051733515831,0.302241033708288,2
0.907069616185798,1.33543610128849,1
-0.199107407146656,0.341299727404458,2
-0.186237160103366,0.602868835289318,0
0.806892128324709,0.656208968872715,2
0.58552231518186,0.281839012389061,2
0.0137884827049054,0.614261831210795,1
0.556397646705779,0.901812499516823,2
1.51882805591478,-0.291911053450514,3
1.31489011019298,1.13772712891732,3
0.205057863266232,-0.0652755305694002,0
-0.868493660816506,0.659710062512455,0
-0.971272725941106,0.697607571680212,0
-0.194957475352569,0.608259067180764,1
-0.0657807881688781,1.28672799517693,1
0.895703521160111,0.779023950968983,1
0.542377694905983,0.976782204731626,3
0.277741024349785,0.392578294163812,1
-0.146108731949697,1.09030003477927,2
1.60936606090662,1.400191595247,3
0.201182327583599,2.00794500460403,0
0.647358662868315,1.80957381275995,3
1.05559067572598,0.584570807333653,0
0.00154438293732662,0.573303065300452,1
1.61455742977177,0.108863100117414,0
-0.230697457825329,0.0877764987695398,2
-0.210372740435377,0.96926732334849,0
1.05126182477394,0.973939548194331,3
0.727086060043824,-0.0664485246396254,3
0.5421510783989,0.924667909859521,3
0.85550487943532,0.697875968122691,2
1.38382310770909,0.593805656516906,3
0.384638513409958,1.27779349915322,3
0.689722827306472,0.776638574266465,2
-0.756976056256993,1.35955511089786,1
0.203745490548847,1.88123001350579,3
0.0423746514492564,1.55236103253487,0
0.294333024233268,-1.16467496546654,1
-0.12025146624828,0.743655511461354,0
1.32043812520318,0.585714624670729,3
-0.166440508513379,0.352323358214555,0
-0.476313602018905,1.06964112520081,0
1.35388645335582,1.02398254077483,2
1.27134707087499,-0.704105248758613,1
1.45718321865962,1.0290826859252,1
2.46713052338002,0.956613078264737,3
0.509150986216899,1.10282803361057,1
0.957161450744515,0.437425322285801,3
-0.523843683578597,0.56774878815736,1
0.0532050635241104,0.935586827870387,3
0.577924273007714,1.29474028923302,0
0.763217318303112,2.5989782765788,2
1.1060170196595,1.89052985019902,2
0.315504681875643,0.315865312797746,1
0.913605292845993,0.629195295106209,2
-0.329938573037488,0.703147364154501,0
0.825251299762301,0.844578728219494,3
1.21075928499559,1.5165411765678,3
-0.00820768436423569,1.59347556646446,2
0.417412341983141,0.56541762487429,0
-0.672947653323879,-1.24407681415312,2
0.474931868695762,-0.0124399679955506,0
0.616111526373298,1.98281282073222,3
-0.0628715500249216,0.254555329314002,0
1.20993173332223,1.00735637487531,2
-2.07565742126915,-0.154977104166857,2
1.02483652605371,1.49255064938291,1
0.17665063861798,0.969552405572734,1
1.70848822385712,1.07449022716632,2
0.57422756771416,0.795307962915946,2
-0.403118080755282,1.37051822102222,2
0.212097656917415,0.2397030952153,2
-0.642053484234904,1.11757096097102,2
0.851138563084971,0.64381622424174,3
-0.121490366213755,2.06801478903238,0
0.426925864659894,1.39189075675956,2
0.709521264467718,-1.77187164895163,1
0.57606916690358,0.85566719082948,1
0.11754508134163,0.547709480233973,0
-0.169633268020119,0.384882030547838,0
0.353883666381413,1.06599838169948,0
4.27061599273917,0.500422399902837,2
0.649635761999777,0.612072352214241,2
0.574947285749909,0.842468779868476,0
-0.220836981941667,0.0721915600455107,0
0.596479886293141,0.705967857280802,0
0.726503432470387,0.284519092961743,3
1.51912755798618,0.966110294747358,2
0.97167263740003,0.218107547241867,0
0.372590490071491,0.763337355491757,3
-0.170814796660298,0.210276207843961,1
0.819560676165838,0.855981450073061,2
0.475607314337637,0.719631436752278,0
0.244299705203157,0.658620361546211,3
-0.262219921771126,0.52633431045533,0
1.71837754260428,1.85109851627028,2
2.12377394633064,0.43344067342959,2
2.25817688548225,2.11755229221533,3
0.0500457953592809,1.5666427502884,0
0.988180520604227,-0.157108134476796,2
0.677872872296073,1.11525396329486,2
0.0494861377439118,0.461655875010083,0
1.29232525788492,0.795577055787539,3
-1.12829035814962,0.00452028252015541,1
-0.110047596424554,0.970824203523849,0
2.12634919525315,-1.12605321022943,0
0.566562366566676,3.02166755115651,2
0.831990483342874,0.796958873856354,2
1.02689873667013,1.1017966220388,0
1.70134178264017,1.91223166422979,3
8.01996625779992,-2.9189750603567,3
0.1209857091493,0.831438161775973,1
2.04426388550794,2.07503052836305,3
-0.151642640959286,0.413659048394188,2
-0.69276627836661,0.19639396327356,0
2.27275976888795,1.23153641735577,3
0.560672977507834,1.03166168074427,2
0.847175644676361,1.0183807259581,2
-0.0509850185425689,0.959335625379836,2
0.69796121151969,0.0367468805425188,3
0.187892824306218,1.16470801936588,0
-0.194251141620036,0.809963334099242,2
0.165321347101215,0.9292363573576,0
0.539656064450716,1.19125121788533,2
-0.0508366728240345,0.901587861339108,0
0.571402498957019,0.835232237685427,1
1.77048978538553,2.10283697346668,3
0.887418805104244,0.469669594465916,3
2.76037528894399,2.53204249991122,3
-0.0043173170470511,0.458674057423881,0
-0.601676897507934,-0.28406335598216,0
0.852487158119793,1.52994643673501,2
0.706272393297737,0.97462853100361,1
0.34097423875294,0.840347126019685,1
1.33740470560846,0.398314939428799,2
1.10021605749401,0.915906277457266,0
0.919178721050718,0.390006611660391,3
0.376795180683929,1.77602887878205,3
0.863678536789628,1.75348408920936,3
1.36529476341171,1.78684274504289,3
-1.11938357352146,-0.170151042240868,1
0.539515525930054,0.24247777560443,1
0.247746762823853,0.188761069994568,0
1.46839961979211,0.7163337956433,3
0.298639942689321,0.00109085522063851,1
3.53797449926673,-3.50577661249531,3
0.00274641378592055,0.959705575422391,0
0.054357833896715,-0.0366251935710153,0
-0.84534006884663,0.661034622830323,0
0.285261736143827,0.301261052740845,2
0.25023832078984,0.763734661916849,2
0.801425919432554,0.554272023388788,2
0.406003899510318,1.43223088132516,0
1.28907311433895,1.46310413692239,2
1.13376091872379,1.50455211256762,3
0.792983781766421,0.900889020190793,2
2.3444109616724,-1.07753653045443,2
0.441746431175625,0.399368013322524,0
2.44183244969679,2.14346469566133,3
0.386854969971312,2.33249464550797,2
0.11160300151856,1.75571164763239,2
0.274963465184889,1.0017405315254,0
-0.0142227100597193,1.01273025663626,2
1.84226647775848,-0.734165221614405,3
0.7642818373751,1.53836049164249,2
0.279722845695017,0.313010537848745,0
0.0923171025110604,1.9039599982492,2
0.430426664140953,0.651426719875958,0
0.163537295557213,0.698719202286161,1
0.58879670259255,1.12746505981347,2
-1.5405196935303,0.124579315489066,1
0.788237980164304,0.664714049489571,2
2.71243822098546,2.98578261893654,3
-1.02675554416801,-0.249475713639788,1
0.796290698081391,-0.30405056439747,0
-0.371806502484826,1.71214200280379,2
-0.0874838878974129,-0.253153012554162,0
0.856039198572485,0.719969427846035,2
-1.21146689083445,0.227581071086898,1
1.23399230685103,0.685937444398597,3
1.51256056105806,1.544908944763,3
2.02381900699605,2.08880321288322,3
0.448648844775912,1.23171900351804,2
0.280043709034791,2.31301277161596,2
1.75333853602297,0.49219999466649,1
1.10902722167464,1.21792514335214,1
0.0436426317093837,0.952799130783726,0
-0.348343057250951,0.235182683666029,1
1.43491649045028,1.20895844086943,3
-0.741551258784696,-0.39667375016028,0
2.19468248047595,2.43225547615558,3
0.534140635626961,0.491607348973202,2
-1.60726494918406,0.0195891024537296,0
-0.427808617864101,0.474332951492487,0
1.59626482807341,0.172128411994992,3
0.331961302750483,0.659903534318832,2
0.121881826269136,0.132030238222788,0
2.1366007387509,0.173306766572963,3
0.539893872837366,0.644878554581266,1
0.719058045968828,0.365477697425413,3
-0.0627064636617791,1.41002453415386,1
0.531969912649078,1.3363392652456,2
0.844386239730281,1.21617611896842,1
2.28339321760028,1.01916386798288,3
-0.0978837659641545,0.687085758304057,2
-0.589965383727275,-0.19396217288632,2
0.198262282078955,0.62753180321525,2
1.37240949785297,1.62285863537328,3
0.676164979615486,0.78646682822299,2
2.43407201817356,2.02248913738004,2
0.936125272269727,0.725035812409518,2
-0.821534427453955,1.00404928993417,2
-0.553892436959868,0.160574123582185,1
-0.352652571781352,1.55557892279129,2
0.178887667284211,0.759029188379397,1
0.446524012375199,0.548728544697971,1
0.506320360715462,1.21165917141141,1
1.44939604896053,0.862559449748861,1
1.28887837251493,1.02171229516584,2
1.28580771681586,2.28429435413473,1
0.264525716810548,1.19191925088291,0
0.890310627458115,-0.508500915089536,3
0.530843358476528,1.41801988775712,3
0.788132646968576,0.541153784703389,2
-0.0844262123181376,1.35605777118282,0
0.595844074730518,0.830260267079487,1
0.906660572009262,1.47555896998285,2
0.528324803191882,0.374743356476602,2
0.325636675806066,1.31466556634745,1
0.257603146155017,1.28470577883168,3
-0.107852273381102,1.47501875421681,2
0.12249836591144,0.980287456881884,0
-0.0187351925189505,1.06330465409638,0
3.55350475255926,4.13468588624817,3
0.588930566986327,1.28190194840078,2
0.00259735524478222,2.24240049143826,2
-0.292095083572376,1.1304762773186,1
1.62568447693964,-1.44164390763793,3
-0.108026488643749,0.995919927867782,0
0.0758648418375261,0.690963338655043,2
-1.79746747248661,0.256129154159267,0
0.10346505406289,0.00835142151433343,1
-1.62737119892575,1.4811102820564,0
0.400474686546028,0.370690632117536,2
1.76477224976236,1.17953248056481,2
0.690534981743202,1.94264417575905,3
0.990289821521143,0.509014983020956,2
-0.637700542739154,0.665570719535587,0
-0.141125273537157,1.71887563628799,2
0.650685619533324,1.2519409900793,0
1.96326180941708,0.933016241334745,0
0.607120791099437,0.00610069673161195,2
0.509067607332945,1.81270983689873,3
0.637123565462845,0.624136797160656,2
-0.709606528287608,1.06053701409045,0
2.76326630749074,-1.59027375165369,3
-0.618730338568679,0.0575974117157497,0
-0.395991391205123,1.642416230128,1
-0.303706432696891,2.44617176402862,0
0.230127522571815,0.942536096780267,0
0.21840938388889,1.84723271446885,2
0.58990047685423,1.1214001616259,2
-2.74296247705965,0.433364421885878,0
3.19583568755492,3.25217691181719,3
2.05222413548069,-0.826540549029058,3
2.11529458111007,0.759190099357951,3
0.798047353145825,1.03797333834228,2
2.14503942967488,0.417729269812077,3
4.12482745277245,2.61815964883184,3
-0.112332861894719,1.46559660970105,1
0.548953669515791,1.60602400018282,1
2.0468857759495,2.77470338207049,3
0.93838574336822,0.970515897533466,0
0.534870361943711,1.31566893715823,0
-0.273519999164652,1.19298744086394,2
0.219202982239048,0.884125437255308,1
-0.943329397508906,-0.282989299276265,1
-0.516546118014689,-0.462945732750538,0
1.14449898253815,1.56422409752248,3
0.720305093217551,0.367916240630714,2
0.855171943189177,1.36615561162727,2
-1.24268854475082,0.118775978485613,0
-0.0494261202295865,0.664686158102951,2
0.347362888611354,1.73139453529178,0
0.142953264809667,1.94394541638071,2
-0.635499139046641,0.457637554083391,0
-0.0607640453914313,1.21944745715232,2
0.818755223889749,1.6531122447459,2
1.02951815923208,1.60214509412002,2
0.66286384070173,1.59963812473706,3
1.29417247614349,0.0295744559584447,3
2.30155001494331,0.368399599226113,3
0.941588276910427,0.838429547837012,1
0.985343916520092,0.434728283779781,0
0.967666043371082,0.802286650982396,2
1.57866711551229,0.621917916334892,3
1.53217561120496,2.75613987158744,3
0.212027370375416,0.870617967172016,1
-0.0828851998795872,-0.0126446881405331,1
0.00955401973619496,0.169644711148625,2
-0.212908595847534,0.96742792141795,3
0.726170811466733,1.81878930317361,2
1.09914331206478,1.14623170748238,3
1.19407595682559,-0.292120710976451,2
-0.119419235894272,-0.0017286625984238,0
0.11231383369221,0.37403584628235,2
1.28358673548664,0.0843320940001999,3
1.73188881891358,0.301555558354651,1
0.0825675927145961,1.54365718761502,1
0.428281135452169,0.584624070796697,0
0.702024207333984,0.36704397265853,2
1.85498247374315,0.495322728363853,3
0.74695448920246,1.44425219966768,3
0.136043033479249,0.096867159664177,0
-0.677177553066161,0.45336338125782,2
0.780720177655609,1.07576233024968,0
0.126307458041478,0.542106006987482,0
0.393659093932451,1.12205905448798,2
0.416953071333324,0.855247153021849,2
1.51060380953746,1.21468982591353,2
0.728025966678248,2.11038604529429,3
0.432339348002603,0.730876626465932,2
-0.406444643973551,0.648200195179887,0
0.0579037533775761,2.05382868092493,2
-0.050799287414949,1.90645355420194,3
0.495333514130316,1.3500009369259,2
1.2517353507998,2.44468763548088,2
-0.957164557511934,0.954483431592996,0
0.983523421159162,1.25250479429766,3
0.437569968482184,0.814298351573732,1
0.885757719849635,2.47397205117887,3
0.302857783988775,0.935713891172032,0
2.43079222895469,0.740831554714642,2
0.94284647124786,1.53184447794532,3
1.21691648773079,1.11429305373831,0
1.01625497416389,0.622345973181748,2
3.0923939557606,0.338299683191341,3
0.942490880769701,0.319443886950237,0
1.64207418527734,2.56523251412404,3
0.0757433987841271,0.841309610153736,2
0.21383813451509,0.896110048279812,1
0.44694277096387,0.0161944684988222,0
1.30370375959019,3.09658894381137,2
1.19741103577159,1.08057751385692,2
0.827601532026464,1.72878317077749,2
-3.24529844998403,-1.53881681864929,0
-0.556733226267575,-0.16644792069248,0
1.00977979712684,0.697516348768687,3
1.22826189757036,1.04334356902692,3
0.635161621607069,1.10001071057424,2
0.577506637072397,0.922661583936261,0
0.252054343672822,0.796034331158244,1
0.554678448034275,1.49226829491101,2
0.833426506047444,1.58347408157194,0
0.503576600234281,1.34303825620885,3
1.92488718976109,1.41213254934693,3
0.2996249430591,-0.338176560722242,2
0.558144118708559,1.26897104353792,2
0.534144670003745,-0.391548338553264,1
0.513849879476802,0.173928899540536,2
0.764509144490218,1.13336227635915,0
-0.444475445442887,0.252117548543239,0
0.122877386242042,1.57120333064953,0
-1.07349015740524,0.416843386672479,0
-0.65616900817709,0.521271765198017,0
0.384902018315112,0.520611605184233,2
-0.645013500410991,1.60722514409679,0
-0.179036315883116,0.648927154423863,0
-1.14556561519906,-0.452747028124921,0
0.477510361943823,0.943251973361617,2
0.0422371808974134,0.902209544111755,1
0.0921527207267121,0.263274217713554,2
0.690199222358548,0.605244672908664,2
0.889331592099164,0.761440045576496,2
-0.161368589439849,0.44492917040594,1
-0.468154834930955,0.678631711080382,1
0.885233651844774,-0.0299363095954614,2
0.702628690592409,1.06449728542086,1
1.78540441043609,1.03966142559125,3
0.591279354452443,0.809078666489228,0
0.668303504563559,0.780064121097675,3
-0.837353744256933,-1.62352848839384,0
0.0404000053409314,0.664808162119031,1
0.812240901252916,0.0676177671369963,2
3.41082259432835,0.495423990199163,3
-0.953280218770558,0.541002973814395,0
0.632902578003037,0.69183771027207,0
0.373497601741632,1.46522691431936,3
-1.00691633585994,-0.162204762080737,0
0.822288573990944,1.21560394082859,1
-0.0281764598570564,0.88282064244564,2
0.579819234498276,0.135620487736755,0
0.276468167378286,1.03192100312067,1
1.57572106933511,2.37835552192516,3
0.860596002607849,1.0273284115662,3
-0.12453787137108,-0.38633064870774,2
-0.303219988005384,0.468805165537384,3
-0.136578552204712,1.02572945175457,1
-0.0572889970173286,0.0276244346682304,1
1.10491326787539,1.18043751003048,2
-1.69727293561041,1.0333871078643,0
1.16369342007737,0.825690137496708,3
0.676970527532569,0.500433071694373,1
0.177035123967635,1.50819944888435,2
3.12063549088188,1.19936794229623,2
0.174310829300447,0.186348832976848,0
2.26319794913267,1.62891457776524,3
-0.103377268930991,2.3025839957632,0
0.0969601599934222,0.307395902911534,0
1.63737448622616,2.00470621403151,3
0.419483697775618,0.51109433754516,2
1.17986973339193,1.29902430419034,2
0.591704766424356,0.165497950441057,2
1.49855618740783,0.723596621786075,2
-0.607099603934478,0.709552684315677,1
1.63198930175789,0.437494736264138,3
0.991312026566022,0.845963066071794,2
-0.328888062246211,0.540085087605324,1
-0.108376274941677,0.375131838519828,0
1.46889921560529,1.15047216709843,2
1.90210160262984,2.14874785820409,3
0.615546326468322,1.20926693355161,3
-0.0203396965435562,0.533870145141416,2
0.880297263693908,0.914229689201814,2
1.15612582883935,2.07251571735641,0
0.9318962054293,1.39479574723775,3
-0.0289678198271316,0.119589845766398,0
-0.514986095844875,0.413922173984435,2
0.176517138408577,0.646702507799287,0
3.65856601439638,2.72584822357267,3
-0.0317992549834711,0.61103328735032,2
5.27204415398971,4.56033622136123,3
0.471822783861643,1.09691243851206,2
0.499993424063923,0.352995307795098,2
3.8498655891212,3.93216272583537,3
-0.233576703229096,2.04853639551199,2
1.62143466305009,0.935504241917677,2
0.841330517479865,0.285131163690725,0
1.03179346855781,0.721321510128449,1
-0.573652010960483,0.495369014634499,0
0.873367160901684,0.169766587085867,2
0.969597500869229,3.3696533495117,0
-1.10944262501817,1.49470676552963,0
-0.429877134285182,1.14463363127117,0
0.192108519265407,0.466200160061561,1
0.97978935154919,0.132181255293085,1
1.38906857523548,1.65184422604662,1
1.09170555943625,1.97400569025748,2
1.91310092028549,0.837659638205089,3
1.63378124111101,-0.400729035803664,1
0.0240219839429667,1.85343257182673,2
0.441494631552238,1.30994103782536,2
-0.384269035017982,1.3128211530228,0
0.69404183517308,1.20172298131538,0
-0.414050645884923,0.469673243577925,1
-0.0187049894571691,1.41929909992979,2
1.05909434594506,-0.119631693927742,3
3.81410365282174,2.75076434494096,3
0.692988085883367,0.861019817081871,2
-0.548732154124388,1.16000253700692,0
0.0291741941851281,-0.231319725143258,0
-0.231453009051311,0.116730449150256,0
0.885013565694202,-0.761676159842761,2
-0.00792307851580187,0.728274655628939,0
1.63113616118483,1.01372191652081,2
0.546828003660644,0.115114816184765,1
0.688129152302514,0.705429460137999,2
0.0307336117847092,0.512140663843467,0
-0.159774671077054,0.61415998990682,2
1.47828786446502,1.39022850819001,3
-0.635083555863934,1.15150702785029,0
0.65339210196947,0.770392530799666,0
0.148251473279233,0.993295819587685,0
0.250442568851887,0.846428233157116,2
1.2143656244176,1.79598047663823,2
0.286244852087221,1.11128335724419,1
0.0385549143138757,0.525717794318738,1
0.53901153303925,1.4547344893387,3
1.15990404116125,0.784949599922237,3
-1.44039275274631,0.320325950486404,0
0.621266305267518,1.59667224524119,2
-0.329527827894214,-0.00436682501011298,1
2.75964642870595,-0.841506580359568,2
-0.268111751890309,1.5542240163303,3
0.595450853895709,2.14085068006126,2
0.158295482215612,1.60932363070912,2
1.53030190236822,1.25820993951873,2
-2.00331753125516,-0.0920353869390076,0
0.268468517135821,1.00016912182343,1
1.00771729721145,0.596194417759718,3
0.160178725501615,1.38648807150778,0
0.482562169004579,1.45785514022802,0
-1.93417630521814,0.317294602243068,0
-0.34535542793998,1.03645561563755,0
0.929482186267338,1.43045891700801,3
5.78745606067685,-6.54987589840722,3
3.10538038795017,2.99143833375243,3
1.37274186636107,2.07832473859213,1
0.236049538423066,1.08240458529513,2
-0.961852781127757,1.10870886684005,0
-0.300709391264351,0.496934480947663,1
0.230087505847221,0.714726840839546,2
0.499215051375099,-0.612776625289629,0
1.83124111714132,0.995666380459006,3
-0.105838588026038,0.84497826630973,1
-0.585600225438696,-0.0822976123080181,0
0.4661943338958,1.0501631981614,2
0.74540762055345,0.943622580886629,2
1.83096826453613,1.51913555723982,3
0.954001748740397,0.487006520383596,2
0.619521296415954,1.20201101450561,1
1.97507120957246,2.02422018208793,3
1.35117303033642,1.84284477634054,0
0.151370057686702,0.964105066404272,1
0.376419535682932,1.01331614338443,0
0.173286277098162,0.481765915803523,1
2.32758551373596,-0.48697341453816,3
0.458618078678112,1.05960594452142,1
1.16063854709748,1.26737156866747,2
1.12175336223036,1.89310635905721,2
0.703465035210798,2.54031976146294,3
-0.242186237059603,-0.405020968684977,0
0.117958538536146,0.752808400131405,3
0.743111782990211,1.18024140342827,1
-0.758256352942216,0.122448043069886,0
0.283088300529638,0.746365518540351,0
-0.0960864800878383,0.370648285974454,2
0.33951117144947,0.288750462071838,0
0.165294963003261,1.17673895293337,1
0.0432099977482291,0.363568523450852,1
0.997573464356119,-0.328048394197038,3
3.41759261603847,2.78944885797614,3
-1.13473400724626,-0.269441453538428,0
-0.274228301660231,0.760436315678139,2
0.882766511268857,1.21851173659445,3
0.442026956653576,0.744104719563545,1
1.17395458507637,0.762332607158682,3
0.328175254391441,1.4103117940732,0
-0.3868188904005,0.502801024439204,0
0.840114497130877,0.441431135199625,0
0.135364364636079,0.675400551127178,1
1.37027267928555,0.0840480551870927,3
2.07277533195635,0.766410481475102,2
0.535057378760108,-0.245777342714205,1
-0.385573191563484,0.652475331400264,2
1.0840133323456,1.1390256403781,3
2.68732223590787,2.18666446803452,3
1.16970188422541,2.81172388690835,2
0.340221015073724,0.884037770029595,1
1.5378518869128,2.14750451983409,3
2.01209974452839,0.116035597006429,3
0.731145148004996,1.13049652900992,2
1.73778453803617,-0.55890357597403,2
0.162985107487136,0.271550460991968,2
